{"stats":{"minecraft:mined":{"minecraft:tall_seagrass":5,"minecraft:seagrass":4,"minecraft:dandelion":2,"minecraft:crafting_table":1,"gravestone:gravestone":1,"minecraft:grass":82,"minecraft:grass_block":7,"minecraft:oak_log":5,"minecraft:dirt":7,"minecraft:tall_grass":24,"minecraft:oak_leaves":1},"minecraft:killed_by":{"pathogen:incomplete_player":3,"pathogen:incomplete_chicken":1,"pathogen:incomplete_spider":1,"sanitydim:rotting_stalker":1,"the_stalker:the_stalker":3,"minecraft:zombie":1},"minecraft:killed":{"minecraft:sheep":6,"minecraft:cow":9},"minecraft:used":{"minecraft:wooden_pickaxe":47,"minecraft:wooden_sword":86,"minecraft:dirt":4,"minecraft:crafting_table":1,"minecraft:dandelion":1},"minecraft:crafted":{"minecraft:wooden_sword":1,"minecraft:oak_planks":16,"minecraft:crafting_table":1,"minecraft:stick":4,"minecraft:wooden_pickaxe":1},"minecraft:broken":{"minecraft:wooden_sword":1,"minecraft:wooden_pickaxe":1},"minecraft:custom":{"minecraft:time_since_rest":8054,"minecraft:sprint_one_cm":58294,"minecraft:damage_taken":2970,"minecraft:walk_one_cm":49776,"minecraft:mob_kills":15,"minecraft:damage_dealt":1546,"minecraft:interact_with_crafting_table":1,"minecraft:fly_one_cm":145122,"minecraft:crouch_one_cm":30,"minecraft:play_time":34141,"minecraft:deaths":11,"minecraft:sneak_time":32,"minecraft:walk_under_water_one_cm":311,"minecraft:jump":546,"minecraft:leave_game":9,"minecraft:time_since_death":7576,"minecraft:walk_on_water_one_cm":1702,"minecraft:total_world_time":34141,"minecraft:fall_one_cm":13580},"minecraft:picked_up":{"minecraft:crafting_table":1,"minecraft:leather":10,"minecraft:dandelion":2,"minecraft:oak_log":5,"minecraft:dirt":14,"minecraft:arrow":2,"minecraft:wheat_seeds":8,"minecraft:beef":15,"minecraft:gray_wool":1,"minecraft:mutton":8,"minecraft:white_wool":5}},"DataVersion":3465}