{"stats":{"minecraft:broken":{"minecraft:wooden_sword":1,"minecraft:wooden_pickaxe":1},"minecraft:crafted":{"minecraft:wooden_sword":1,"minecraft:oak_planks":16,"minecraft:crafting_table":1,"minecraft:stick":4,"minecraft:wooden_pickaxe":1},"minecraft:picked_up":{"minecraft:crafting_table":1,"minecraft:leather":10,"minecraft:dandelion":2,"minecraft:oak_log":5,"minecraft:dirt":6,"minecraft:wheat_seeds":5,"minecraft:beef":15,"minecraft:gray_wool":1,"minecraft:mutton":8,"minecraft:white_wool":5},"minecraft:killed":{"minecraft:sheep":6,"minecraft:cow":9},"minecraft:custom":{"minecraft:time_since_rest":3427,"minecraft:sprint_one_cm":39411,"minecraft:damage_taken":1590,"minecraft:walk_one_cm":41831,"minecraft:mob_kills":15,"minecraft:damage_dealt":1546,"minecraft:interact_with_crafting_table":1,"minecraft:fly_one_cm":82141,"minecraft:crouch_one_cm":30,"minecraft:play_time":20493,"minecraft:deaths":6,"minecraft:sneak_time":32,"minecraft:walk_under_water_one_cm":311,"minecraft:jump":335,"minecraft:leave_game":2,"minecraft:walk_on_water_one_cm":747,"minecraft:time_since_death":3400,"minecraft:total_world_time":20493,"minecraft:fall_one_cm":8151},"minecraft:mined":{"minecraft:dandelion":2,"minecraft:crafting_table":1,"gravestone:gravestone":1,"minecraft:grass":46,"minecraft:grass_block":3,"minecraft:oak_log":5,"minecraft:dirt":3,"minecraft:tall_grass":8,"minecraft:oak_leaves":1},"minecraft:killed_by":{"pathogen:incomplete_player":1,"pathogen:incomplete_chicken":1,"pathogen:incomplete_spider":1,"sanitydim:rotting_stalker":1,"the_stalker:the_stalker":1},"minecraft:used":{"minecraft:wooden_pickaxe":47,"minecraft:wooden_sword":86,"minecraft:dirt":1,"minecraft:crafting_table":1,"minecraft:dandelion":1}},"DataVersion":3465}