{"stats":{"minecraft:broken":{"minecraft:wooden_sword":1,"minecraft:wooden_pickaxe":1},"minecraft:crafted":{"minecraft:wooden_sword":1,"minecraft:oak_planks":16,"minecraft:crafting_table":1,"minecraft:stick":4,"minecraft:wooden_pickaxe":1},"minecraft:picked_up":{"minecraft:crafting_table":1,"minecraft:leather":8,"minecraft:wheat_seeds":5,"minecraft:dandelion":2,"minecraft:beef":15,"minecraft:gray_wool":1,"minecraft:oak_log":5,"minecraft:mutton":8,"minecraft:white_wool":5},"minecraft:killed":{"minecraft:sheep":6,"minecraft:cow":9},"minecraft:custom":{"minecraft:time_since_rest":1829,"minecraft:deaths":1,"minecraft:play_time":11289,"minecraft:sprint_one_cm":28998,"minecraft:damage_taken":200,"minecraft:walk_one_cm":33196,"minecraft:walk_under_water_one_cm":311,"minecraft:mob_kills":15,"minecraft:jump":256,"minecraft:damage_dealt":1536,"minecraft:walk_on_water_one_cm":747,"minecraft:time_since_death":1795,"minecraft:total_world_time":11289,"minecraft:interact_with_crafting_table":1,"minecraft:fall_one_cm":6295,"minecraft:fly_one_cm":66000},"minecraft:mined":{"minecraft:grass":45,"minecraft:oak_log":5,"minecraft:tall_grass":8,"minecraft:dandelion":2,"minecraft:crafting_table":1,"minecraft:oak_leaves":1},"minecraft:killed_by":{"sanitydim:rotting_stalker":1},"minecraft:used":{"minecraft:wooden_sword":86,"minecraft:crafting_table":1,"minecraft:wooden_pickaxe":47,"minecraft:dandelion":1}},"DataVersion":3465}